domain,类别
printme1.com,Apparel
photoday.com,Beauty
aqua-imports.com,Home
parisbaguette.com,Home
midjourney.com,Software
waterlanternfestival.com,Places & Travel
markoffshauntedforest.com,Places & Travel
balloonmuseum.com,Places & Travel
winches.co.uk,Home
sonnyangelusa.com,Apparel
japan-wireless.com,Electronics
audionic.co,Electronics
furnishedfinder.com,Places & Travel
trafficschool4busypeople.com,Software
interviewquery.com,Software
winnerwell.com,Home
photo.walgreens.com,Home
houseofhorrorcarnival.com,Apparel
socialwick.com,Software
vintagestory.at,Home
ralawise.com,Apparel
aceschooloftomorrow.com,Software
porterfield-brakes.com,Home
onair-fitness.fr,Health
brushcrazy.com,Beauty
joinmochi.com,Health
wwenetwork.com,Apparel
smartserve.ca,Software
themayflowersociety.org,Places & Travel
studentvip.com.au,Money
stackblitz.com,Software
scholaro.com,Software
soulrevolver.com,Apparel
spornia.com,Home
street-moto-piece.fr,Apparel
round1usa.com,Places & Travel
defensedepot.com,Home
fastceforless.com,Apparel
xpel.com,Electronics
wethecurious.org,Places & Travel
foldingchairs4less.com,Home
shrinesolutions.com,Software
digitalworldpsn.com,Blockchain & web3
timberline.com,Home
sudowrite.com,Software
lacedrecords.co,Apparel
cholitalinda.com,Beauty
bigdudeclothing.com,Apparel
raz-kids.com,Software
queenonlinestore.com,Beauty
a-listnutrition.com,Health
javawhiskers.co.uk,Beauty
experimentalfarmnetwork.org,Home
fleetnetwork.ca,Money
stedi.org,Blockchain & web3
stpaulcenter.com,Health
airyvinyls.com,Home
fundelivered.com,Blockchain & web3
zenmarket.jp,Apparel
spamzilla.io,Software
wurthusa.com,Home
autotecpro.com,Electronics
fridaynightflag.com,Apparel
bouwsub.nl,Home
lightingroom.co.uk,Home
rmstator.com,Electronics
vinylart.com,Home
diaart.org,Blockchain & web3
volvopartscounter.com,Home
remotix.com,Software
talatex.com,Apparel
einkpads.com,Electronics
partsplaceinc.com,Home
crispiusa.com,Apparel
swimslipstream.com,Apparel
foxtimber.co.uk,Home
stjohnphotography.com,Places & Travel
vagon.io,Blockchain & web3
jetsmart.com,Places & Travel
vmtherapy.com,Health
henrymeds.com,Health
savemyexams.com,Software
carddepot.com,Money
rho-plate.com,Blockchain & web3
finefitfasteners.co.uk,Home
livingtreecommunityfoods.com,Home
rexyclothing.com,Apparel
sugimotousa.com,Beauty
totalbattery.com,Electronics
2brightsparks.com,Software
safestdogchews.com,Home
casatlantic.com,Blockchain & web3
hkexpress.com,Places & Travel
designsforhealth.com,Health
pcsforpeople.org,Electronics
funique.com,Beauty
kickinghorsecoffee.com,Home
krishnastore.com,Apparel
buffalobattleground.com,Apparel
sftkey.com,Software
assimil.com,Software
spaceship.com,Blockchain & web3
oempartsonline.com,Electronics
jansenholland.com,Beauty
frontierwargaming.com,Apparel
chadsprep.com,Apparel
ledperf.com,Electronics
evopowersports.com,Electronics
hulaween.com,Places & Travel
irrigationexpress.co.nz,Home
ourkidsasd.com,Health
visionet.com,Software
teamlocker.com,Software
dunnriteproducts.com,Home
meshuga4sushi.com,Home
bathsupermarket.com,Home
pinkysirondoors.com,Home
ufoplast.com,Home
beautyofjoseon.com,Beauty
fashionandfascinating.com,Apparel
diontraining.com,Software
richandluxe.com,Beauty
tkx.live,Places & Travel
joytoyfigure.com,Home
lovethedrive.com,Places & Travel
portcanaveralparking.com,Places & Travel
seansoul.com,Apparel
otdefense.com,Software
antoinettepoisson.com,Home
leadpier.com,Software
xyzhomework.com,Home
natureinbottle.com,Beauty
timberlinelodge.com,Places & Travel
mochipan.com,Apparel
airportstaxitransfers.com,Places & Travel
rideatjoes.com,Places & Travel
crunchlabs.com,Electronics
visitbreck.com,Places & Travel
housesignsdirect.co.uk,Home
smithandedwards.com,Home
4netplayers.com,Blockchain & web3
hoteles-silken.com,Places & Travel
wolfpak.com,Apparel
kevonstage.com,Apparel
kullysupply.com,Electronics
mirrorglassplus.com,Home
ozdigitalonline.com,Blockchain & web3
robocough.com,Health
luckyonesie.com,Apparel
tufferman.co.uk,Beauty
mypropanebutler.com,Health
justmysocks.net,Apparel
georgiamls.com,Home
batchleads.io,Software
hibike.com,Apparel
deviousmachines.com,Software
ev2sportswear.com,Apparel
levelx.com,Software
maxtour.co,Places & Travel
lanxshoes.com,Apparel
drpd.cc,Home
edgunwest.com,Apparel
golftec.com,Health
illinoisrealtor.org,Home
movatiathletic.com,Health
synaptexunlimited.com,Blockchain & web3
chudsbbq.com,Home
americansongwriter.com,Home
bobovr.com,Electronics
nitroflare.com,Software
pcunlocker.com,Software
themisbar.com,Software
bbqchicken.com,Home
gardeniashop.co.uk,Home
rhythmandvines.co.nz,Places & Travel
partsavatar.ca,Electronics
weareanimecollectors.com,Apparel
heathfieldled.co.uk,Home
kmartphotos.com.au,Home
squidindustries.co,Apparel
medmastery.com,Health
illuminate.photography,Home
nomura-tailor.com,Home
snozoneuk.com,Places & Travel
termini.com,Home
morrisarboretum.org,Places & Travel
playcarry.com,Apparel
soloperformance.com,Software
bulkperoxide.com,Health
venbafragrance.com,Beauty
nightsweetthing.com.au,Beauty
melbournerecital.com.au,Places & Travel
blackstarpastry.com.au,Home
redlineoil.com,Home
jubatec.net,Blockchain & web3
harlemwizards.com,Apparel
stellarmate.com,Software
finisterre.com,Apparel
apricotton.com,Apparel
bossindustrial.com,Electronics
buffettscandies.com,Home
shoproffe.com,Apparel
mx5things.com,Apparel
aonl.org,Health
powerprovisions.com,Software
stratfordintl.co.uk,Beauty
activenation.org.uk,Health
conservationhalton.ca,Places & Travel
dukwin.com,Blockchain & web3
majestikgames.com,Blockchain & web3
brscenic.com,Places & Travel
geoshieldusa.com,Home
accu.co.uk,Electronics
circupool.com,Home
zaaptv.com,Electronics
kittytowncoffee.com,Home
watc-studio.com,Electronics
simpleonlinedoctor.co.uk,Health
wildfishcannery.com,Home
boombattlebar.com,Places & Travel
ribcity.com,Home
fabricoftheuniverse.com,Apparel
springbone.com,Health
tortech.com.au,Software
runwayml.com,Software
sport-conrad.com,Apparel
sca.auction,Blockchain & web3
cloudghost.net,Blockchain & web3
djnowlighting.com,Electronics
kyleswitchplates.com,Home
nurecovery.com,Health
royalcoffeeny.com,Home
toolservicenet.com,Software
vettix.org,Places & Travel
lfminifigs.com,Home
pyrodimension.de,Home
jackspumpkinpopup.com,Places & Travel
singularstuff.com,Blockchain & web3
dynacare.ca,Health
atachmounts.com,Electronics
allendisplay.com,Electronics
polarice.co.uk,Home
norsso.com,Apparel
delicity.com,Health
prosupplyglobal.com,Electronics
turmericandhoney.co.uk,Health
partsaps.com,Electronics
animate.shop,Apparel
redlinek9.com,Apparel
fanwish.cn,Apparel
printfabrik.eu,Apparel
garagedoorsupplyhouse.com,Home
martinmicrowave.com,Electronics
poizon.com,Apparel
barbaraoneill.com,Health
dmcapetile.com,Home
musicofspheres.com,Blockchain & web3
abakusdirect.co.uk,Software
goyerbamate.com,Beauty
mobbin.com,Software
virtual-racing-cars.com,Electronics
scaffolding-direct.co.uk,Home
decals.com,Home
pictureframesdirect.co.uk,Home
sgdgolf.com,Apparel
iflyluggage.com,Places & Travel
hears.com,Health
45books.com,Home
countryburgertexas.com,Home
countryburger.com,#N/A
custommattressfactory.com,Home
jaguarparts.com,Blockchain & web3
jaguarpartsonline.com,Home
thelumebox.com,Beauty
macbirmingham.co.uk,Places & Travel
mainecoastmarathon.com,Places & Travel
rosenfeldsbagels.com,Home
neora.com,Health
wallpaperfromthe70s.com,Home
chaszel.com,Beauty
gwlodging.com,Places & Travel
misopaper.co.uk,Home
ultimatestyling.co.uk,Beauty
simlab.co.uk,Home
expertpeptides.com,Health
rungne.com,Beauty
biocidin.com,Health
ballerinafarm.com,Home
boultoncenter.org,Health
rundoyen.com,Blockchain & web3
zyprun.com,Blockchain & web3
doodlelearning.com,Software
selleramp.com,Software
outlet-pc.com,Electronics
metamats.com,Home
locallens.com,Health
bulknutrients.com.au,Health
prospectiveflow.com,Blockchain & web3
controld.com,Software
pacepdh.com,Health
gensoldx.com,Software
loulousfabricshop.com,Home
fremontindustrialsupply.com,Home
ajka-crystal.com,Home
vaporizerhut.com,Health
cardladder.com,Money
koppert.com,Home
thefragrancefoundry.com,Beauty
walkingwithpurpose.com,Health
applespice.com,Home
hermannwursthaus.com,Health
mthoodfusionpass.com,Home
fusionpass.com,Software
pro2a-tactical.com,Home
pro2atactical.com,Apparel
homesteadliving.com,Home
salemnow.com,Places & Travel
vermontflannel.com,Apparel
sutsu.com,Beauty
heimlershistory.com,Software
testgeek.com,Software
theflowershed.com.au,Blockchain & web3
theflowershed.com,Home
bulkcaps.com,Beauty
reactivetoys.co.uk,Home
fliprogram.com,Software
geoguessr.com,Places & Travel
feedspy.net,Software
samedaysupply.com,Health
frankandsal.com,Beauty
bodyspec.com,Health
americanpharmawholesale.com,Health
themerrymushmen.com,Apparel
europe-pharma.com,Apparel
lubweb.fr,Health
lubweb.com,Software
microwrestling.com,Places & Travel
lucianos.ie,Beauty
wonderfeel.com,Beauty
luminorth.co.uk,Beauty
werockthespectrummemphis.com,Health
werockthespectrum.com,Health
roycederm.com,Beauty
texasdrivingschool.com,Places & Travel
robinsonfamilyfarms.com,Software
robinsonfamilyfarm.com,Home
unclebuckstoys.com,Home
antelopelowercanyon.com,Places & Travel
cprseattle.com,Health
curryupnow.com,Home
supersummary.com,Software
rkingscompetitions.com,Apparel
tritiumworkshop.com,Blockchain & web3
bongputty.com,Software
bronxhousepizza.com,Home
aandjtoys.com,Software
ajtoys.com,Home
wear-ari.co.uk,Software
ari.com,Beauty
bluelinepizza.com,Places & Travel
ewtn.com,Health
homebass.com,Home
ironwilloutfitters.com,Health
ironwillbroadheads.com,Home
pleasantridge.ca,Beauty
autopartsearch.com,Electronics
hatchescapes.com,Places & Travel
sawzillaparts.com,Home
sawzilla.com,Home
markmeldrum.com,Software
focusmate.com,Software
pcworld.com,Electronics
thepitchhopper.com,Apparel
pitchhopper.com,Software
alterationspecialists.com,Apparel
primaleisure.com,Home
underwoodfarms.com,Home
printheadshots.com,Beauty
goomiesgummies.com,Health
3dsets.com,Software
solalpaca.com,Apparel
skipperseat.com,Places & Travel
stompingrounds.us,Apparel
transtoolshed.com,Software
tristaracademy.com,Beauty
udap.com,Software
oakvalleydesigns.com,Software
volleyballworld.com,Apparel
marcos.com,Apparel
marcospizza.com,Places & Travel
twisteddough.shop,Apparel
shophellomary.com,Beauty
tv.youtube.com,Software
kendilux.com,Beauty
4dtech.com,Software
littlesnitch.com,Software
ordermeal.com,Home
wrench.com,Software
raps.com,Blockchain & web3
terabox.com,Software
cal-vantools.com,Apparel
firestormgames.co.uk,Software
firestoregames.com,Blockchain & web3
vstees.com,Apparel
reincubate.com,Software
getdismissed.com,Software
mk2.com,Software
ubigi.com,Money
pathoma.com,Health
straitmusic.com,Software
manager-tools.com,Software
shawfieldtimber.co.uk,Electronics
shawfieldtimber.com,Home
theramenbae.com,Places & Travel
ramenbea.com,Beauty
laurenbjewelry.com,Apparel
aspirerespiratoryproducts.com,Health
lostinmelbourne.com,Places & Travel
urbanairtech.com,Software
reginaldmen.com,Apparel
suno.com,Software
bubble-planet.com,Blockchain & web3
willpowders.com,Health
redotpay.com,Money
movieboxpro.app,Software
playactivate.com,Blockchain & web3
waymo.com,Software
joinamble.com,Blockchain & web3
funbox.fun,Blockchain & web3
peachybbies.com,Beauty
glitchproductions.store,Software
savana.com,Blockchain & web3
cults3d.com,Apparel
cos.com,Beauty
olfactoryfactoryllc.com,Beauty
zellbury.com,Apparel
scentiment.com,Beauty
newme.asia,Beauty
disturbia.us,Apparel
conceptkart.com,Apparel
bobateaprotein.com,Health
luxe-cosmetics.com,Beauty
scuffers.com,Apparel
rad-global.com,Blockchain & web3
senser.net,Software
birdsofparadyes.com,Apparel
gearupbooster.com,Health
saje.com,Beauty
studdmuffyn.com,Apparel
configio.com,Software
knyamed.com,Blockchain & web3
heyharper.com,Beauty
smmbase.org,Software
kingpinsinc.com,Blockchain & web3
strawberrymilkmob.com,Apparel
brello.app,Software
trueseamoss.com,Health
getgalatea.com,Software
yonorummyl.com,Blockchain & web3
forgeandfiregaming.com,Home
allchinabuy.com,Apparel
contempee.com,Blockchain & web3
pompomlondon.com,Apparel
thepinkpalm.com,Apparel
popstroke.com,Places & Travel
myskylight.com,Home
primeprometics.com,Beauty
thecornishcompany.com,Home
utkarsh.com,Money
basedbodyworks.com,Beauty
cureskin.com,Health
sandandfoghome.com,Home
discovertreluxe.com,Beauty
mozaracing.com,Apparel
paradisebeachcozumel.com,Places & Travel
grand-rp.su,Blockchain & web3
boosteroid.com,Software
grandtheatre.com,Places & Travel
seranovabeauty.com,Beauty
gorafeeq.com,Beauty
gamma.app,Blockchain & web3
peptidecrafters.com,Health
thedrchoice.com,Beauty
fresha.org,Beauty
wmpeyewear.com,Apparel
avavibes.com,Beauty
brixleybags.com,Apparel
posh.vip,Beauty
geckocustom.com,Apparel
stelotas.com,Blockchain & web3
hielabs.com,Beauty
carry1st.com,Blockchain & web3
propicsexpress.com,Beauty
telyrx.com,Health
parkeofficial.com,Beauty
unrl.com,Apparel
printingproxies.com,Software
gamerji.com,Software
rivelathletics.com,Apparel
solutionpeptides.net,Health
absolutelyridiculous.com,Apparel
cityrhythmfragrance.com,Beauty
posh.com,Beauty
goretroid.com,Apparel
worldsprings.com,Blockchain & web3
birminghampride.com,Places & Travel
anabei.com,Beauty
americanapipedream.com,Apparel
joonloloi.com,Apparel
olo.express,#N/A
tallow-ash.com,Beauty
coldcultureworldwide.com,Beauty
seamolly.com,Apparel
kikagoods.com,Beauty
zenbivy.com,Places & Travel
onesixthdimension.com,Apparel
arkenopticsusa.com,Electronics
discountcontacts.com,Health
otherworld.com,Blockchain & web3
pureencapsulationspro.com,Health
malemd.com,Beauty
carnivoresnax.com,Health
thepauselife.com,Health
bigmusclesnutrition.com,Health
thesavannahbananas.com,Places & Travel
beautifulearthboutique.com,Beauty
nandosperiperi.com,Places & Travel
ivimhealth.com,Health
t1tan.com,Blockchain & web3
heycash.com,Money
pickleballwarehouse.com,Apparel
mobimatter.com,Blockchain & web3
rosierfoods.com,Home
easy-clothes.us,Apparel
humbyorganics.com,Beauty
maxl.com,Beauty
angel.com,Blockchain & web3
paradoxmuseum.com,Places & Travel
talariacomplex.com,Blockchain & web3
skyepeptides.com,Health
cmxuk.com,Apparel
drinkh2tab.com,Health
japan2uk.com,Apparel
nutrastop.com,Health
davidprotein.com,Health
froyaorganics.com,Beauty
boot.dev,Software
sadtalker.org,Software
shop-skye.com,Beauty
slamonline.com,Apparel
ninjatransfers.com,Blockchain & web3
fwzoo.com,Apparel
pawsomeyoga.com,Health
skin.place,Beauty
mesmerica.com,Blockchain & web3
cursor.com,Software
coca-colastore.com,Apparel
partadvantage.com,Software
lashbase.com,Beauty
campsnapphoto.com,Places & Travel
naturesfarmersea.com,Health
moviepass.com,Places & Travel
code-wallets.com,Blockchain & web3
hotworx.net,Health
nicnac.com,Apparel
beatthebomb.com,Software
cinetrain.com,Software
buff.game,Blockchain & web3
wcbrand.store,Beauty
whoopea.shop,Apparel
velourgarments.eu,Apparel
elementbrooklyn.com,Apparel
paddingtonbearexperience.com,Places & Travel
hulken.com,Apparel
labgolf.com,Apparel
fifty410.com,Beauty
synthesis.com,Software
proclubs.com,Apparel
genshinaccount.com,Blockchain & web3
performancebyie.com,Software
herfantasybox.com,Beauty
versailles-palace-tickets.com,Places & Travel
electroandcompany.com,Electronics
movementfestival.com,Places & Travel
teamlab.art,Places & Travel
twickets.live,Places & Travel
atoleajewelry.com,Beauty
ink-bond.com,Software
everbowl.com,Health
anta.com,Apparel
skin1004.com,Beauty
diddlysquatfarmshop.com,Home
polarispeptides.com,Health
bluedelft.com,Blockchain & web3
battlekart.com,Places & Travel
breakawayfestival.com,Places & Travel
vocalmeet.com,Software
californiacreaming.com,Beauty
colleamoi.com,Apparel
edgenyc.com,Places & Travel
fabrilife.com,Health
thomsoncarter.com,Apparel
royobreadco.com,Home
seranova.store,Blockchain & web3
starforgesystems.com,Software
parkandfifthco.com,Apparel
parkrun.com,Health
mm2store.com,Beauty
apacheshops.com,Apparel
stelo.com,Beauty
giboardus.com,Blockchain & web3
joiebaby.com,Apparel
getpetermd.com,Health
appliancefactory.com,Home
orderlymeds.com,Health
bioma.health,Health
byeflakes.com,Beauty
purediffuserco.com,Home
bucketsquad.com,Apparel
thewholetruthfoods.com,Health
strasburgrailroad.com,Places & Travel
tomsstudio.com,Apparel
poly.cam,Blockchain & web3
mezeh.com,Home
cognitoedu.org,Software
naughtynightsboutique.com,Apparel
revrail.com,Blockchain & web3
miamiheatstore.com,Apparel
runna.com,Apparel
lucieannabel.com,Beauty
cloaked.com,Blockchain & web3
casehug.com,Blockchain & web3
mimibelt.com,Apparel
songmontofficial.com,Apparel
adorebeauty.com.au,Beauty
oxknit.com,Apparel
drifthq.com,Apparel
noblclo.com,Blockchain & web3
donttellcomedy.com,Apparel
camelcitymill.com,Home
seatecoutfitters.com,Apparel
coitonic.com,Beauty
shopmoco.com,Apparel
4runnerlifestyle.com,Apparel
jerseyfrosts.shop,Apparel
scentsangel.com,Beauty
majorleaguecricket.com,Apparel
shopflavcity.com,Beauty
poke-collect.com,Blockchain & web3
nwtnhome.com,Home
macfoxbike.com,Apparel
delli.market,Blockchain & web3
vietjetair.com,Places & Travel
partifyusa.com,Apparel
naturalinstinct.com,Health
giftymize.com,Apparel
puremama.com,Health
othership.us,Health
thescentreserve.com,Beauty
mrmarvis.com,Apparel
sabertheory.com,Blockchain & web3
baronofdice.com,Apparel
tradifyhq.com,Software
midnighthour.com,Beauty
meandu.com,Beauty
nlbn.com,Blockchain & web3
sososwim.com,Apparel
acegrading.com,Software
sneex.com,Apparel
wearicy.com,Apparel
lifedna.com,Health
sarahrenaeclark.com,Beauty
alstedefarms.com,Home
kalodata.com,Software
valabasas.com,Apparel
ahaworld.com,Blockchain & web3
wnbfactory.com,Apparel
valhallavitality.com,Health
10xhealthsystem.com,Health
glovbeauty.com,Beauty
electrolux.com,Home
vwheritage.com,Places & Travel
water2.com,Health
skinmedicinals.com,Health
genshinaccountsbay.com,Blockchain & web3
quicktag.com,Software
sydneyzoo.com,Places & Travel
dreamcon.shop,Beauty
countrytruckercaps.com,Apparel
flightyapp.com,Places & Travel
zestfest.net,Health
solitairesmash.com,Beauty
ambleclothing.com,Apparel
harbesfamilyfarm.com,Places & Travel
cordsclub.com,Apparel
tuffjug.com,Home
ikigaicases.com,Apparel
oomiay.com,Beauty
ultimateexposures.com,Beauty
theketoshop.org,Health
shopbotaniqueparis.com,Beauty
heritagebooks.org,Home
lisagozlan.com,Beauty
dangercoffee.com,Health
godaperfume.com,Beauty
uresta.com,Health
camdenpark.com,Apparel
boxhero-us.store,Apparel
meta.com,Blockchain & web3
glowbar.com,Beauty
gethugg.com,Apparel
vivanmn.com,Beauty
ovantica.com,Beauty
mywashme.com,Beauty
dinosaurworld.com,Places & Travel
tourofdestruction.com,Apparel
pixarputt.com,Software
thecountryfest.com,Places & Travel
agapee.com,Beauty
simply7oh.com,Beauty
lingoapp.com,Software
vivaaerobus.com,Places & Travel
33heatwave.com,Apparel
flyhugz.com,Apparel
rillabox.com,Beauty
coucouintimates.com,Apparel
thepokecave.com,Apparel
beardsleyzoo.org,Places & Travel
makewellness.com,Health
mocosociety.com,Beauty
leavenworthadventurepark.com,Places & Travel
ramseysucculents.com,Home
simplicity.com,Beauty
queenmary.com,Places & Travel
betterbiom.com,Health
jollibeefoods.com,Home
jollibeeusa.com,#N/A
penncinema.com,Places & Travel
sensabeauty.com,Beauty
aussiechiller.com,Home
healthyhey.com,Health
truewerktools.com,Apparel
joybadminton.com,Apparel
thedivinefoods.com,Home
teslaunch.net,Blockchain & web3
bangbrosnetwork.com,Beauty
oliunid.com,Beauty
rbxgold.com,Blockchain & web3
styrkr.com,Blockchain & web3
horace.com,Beauty
clicknfurnish.com,Home
rightangled.com,Blockchain & web3
katespadeoutlet.com,Apparel
eternalmuse.com,Beauty
beautyfrombees.us,Beauty
biotechpeptides.com,Health
aptoide.com,Software
cozey.com,Home
dridriss.com,Beauty
emmafy.com,Beauty
gradedguard.us,Software
fortunoffbys.com,Home
shop-resa.com,Beauty
cachia.shop,Beauty
namesakehome.com,Home
mrmixer.store,Beauty
kiyoko.com,Beauty
mod-peptide.com,Health
psnhealth.com,Health
dissh.com,Apparel
snapshades.com,Apparel
threadheads.com,Apparel
santacruzpaleo.com,Health
drmersclub.com,Beauty
lovesofresh.com,Beauty
modernspare.com,Home
ajeteg.com,Beauty
pequodspizza.com,Places & Travel
workmanusa.com,Apparel
animonlife.com,Health
thesmockedflamingo.com,Apparel
hapabox.com,Blockchain & web3
mikaandsammys.com,Beauty
giffordscircus.com,Places & Travel
forest-ink.com,Home
smartkeeda.com,Software
vivo.com,Electronics
propain-bikes.com,Apparel
brkthrough.com,Software
ozlosleep.com,Home
livesans.com,Health
dreamtonics.com,Software
lonepinekoalasanctuary.com,Places & Travel
mitchcactus.com,Beauty
bodi.com,Health
supply.co,Home
armor-x.com,Electronics
remasteredsleep.com,Home