store domain,locale,coupon url
printme1.com,us,https://printme1.worthepenny.com/coupon/
photoday.com,us,https://photoday.worthepenny.com/coupon/
aqua-imports.com,us,https://aqua-imports.worthepenny.com/coupon/
parisbaguette.com,us,https://parisbaguette.worthepenny.com/coupon/
midjourney.com,us,https://midjourney.worthepenny.com/coupon/
waterlanternfestival.com,us,https://waterlanternfestival.worthepenny.com/coupon/
markoffshauntedforest.com,us,https://markoffshauntedforest.worthepenny.com/coupon/
balloonmuseum.com,us,https://balloonmuseum.worthepenny.com/coupon/
winches.co.uk,us,https://winches.worthepenny.com/coupon/
sonnyangelusa.com,us,https://sonnyangelusa.worthepenny.com/coupon/
japan-wireless.com,us,https://japan-wireless.worthepenny.com/coupon/
audionic.co,us,https://audionic.worthepenny.com/coupon/
furnishedfinder.com,us,https://furnishedfinder.worthepenny.com/coupon/
trafficschool4busypeople.com,us,https://trafficschool4busypeople.worthepenny.com/coupon/
interviewquery.com,us,https://interviewquery.worthepenny.com/coupon/
winnerwell.com,us,https://winnerwellcom.worthepenny.com/coupon/
photo.walgreens.com,us,https://walgreensphotos.worthepenny.com/coupon/
houseofhorrorcarnival.com,us,https://houseofhorror.worthepenny.com/coupon/
socialwick.com,us,https://socialwick.worthepenny.com/coupon/
vintagestory.at,us,https://vintagestory.worthepenny.com/coupon/
ralawise.com,us,https://ralawise.worthepenny.com/coupon/
aceschooloftomorrow.com,us,https://aceschooloftomorrow.worthepenny.com/coupon/
porterfield-brakes.com,us,https://porterfield-brakes.worthepenny.com/coupon/
onair-fitness.fr,us,https://onair-fitness.worthepenny.com/coupon/
brushcrazy.com,us,https://brushcrazy.worthepenny.com/coupon/
joinmochi.com,us,https://mochihealth.worthepenny.com/coupon/
wwenetwork.com,us,https://wwenetwork.worthepenny.com/coupon/
smartserve.ca,us,https://smartserve.worthepenny.com/coupon/
themayflowersociety.org,us,https://themayflowersociety.worthepenny.com/coupon/
studentvip.com.au,us,https://studentvip.worthepenny.com/coupon/
stackblitz.com,us,https://stackblitz.worthepenny.com/coupon/
scholaro.com,us,https://scholaro.worthepenny.com/coupon/
soulrevolver.com,us,https://soulrevolver.worthepenny.com/coupon/
spornia.com,us,https://sporniacom.worthepenny.com/coupon/
street-moto-piece.fr,us,https://street-moto-piece.worthepenny.com/coupon/
round1usa.com,us,https://round1usa.worthepenny.com/coupon/
defensedepot.com,us,https://defensedepot.worthepenny.com/coupon/
fastceforless.com,us,https://fastceforless.worthepenny.com/coupon/
xpel.com,us,https://xpel.worthepenny.com/coupon/
wethecurious.org,us,https://wethecurious.worthepenny.com/coupon/
foldingchairs4less.com,us,https://foldingchairs4less.worthepenny.com/coupon/
shrinesolutions.com,us,https://shrinesolutions.worthepenny.com/coupon/
digitalworldpsn.com,us,https://digitalworldpsn.worthepenny.com/coupon/
timberline.com,us,https://timberline.worthepenny.com/coupon/
sudowrite.com,us,https://sudowrite.worthepenny.com/coupon/
lacedrecords.co,us,https://lacedrecords.worthepenny.com/coupon/
cholitalinda.com,us,https://cholitalinda.worthepenny.com/coupon/
bigdudeclothing.com,us,https://bigdudeclothing.worthepenny.com/coupon/
raz-kids.com,us,https://raz-kids.worthepenny.com/coupon/
queenonlinestore.com,us,https://queenonlinestore.worthepenny.com/coupon/
a-listnutrition.com,us,https://alistnutrition.worthepenny.com/coupon/
javawhiskers.co.uk,us,https://javawhiskers.worthepenny.com/coupon/
experimentalfarmnetwork.org,us,https://experimentalfarmnetwork.worthepenny.com/coupon/
fleetnetwork.ca,us,https://fleetnetwork.worthepenny.com/coupon/
stedi.org,us,https://stedi.worthepenny.com/coupon/
stpaulcenter.com,us,https://stpaulcenter.worthepenny.com/coupon/
airyvinyls.com,us,https://airvinyl.worthepenny.com/coupon/
fundelivered.com,us,https://fundelivered.worthepenny.com/coupon/
zenmarket.jp,us,https://zenmarket.worthepenny.com/coupon/
spamzilla.io,us,https://spamzilla.worthepenny.com/coupon/
wurthusa.com,us,https://wurthusa.worthepenny.com/coupon/
autotecpro.com,us,https://autotecpro.worthepenny.com/coupon/
fridaynightflag.com,us,https://fridaynightflag.worthepenny.com/coupon/
bouwsub.nl,us,https://bouwsub.worthepenny.com/coupon/
lightingroom.co.uk,us,https://lightingroom.worthepenny.com/coupon/
rmstator.com,us,https://rmstator.worthepenny.com/coupon/
vinylart.com,us,https://vinylart.worthepenny.com/coupon/
diaart.org,us,https://diaart.worthepenny.com/coupon/
volvopartscounter.com,us,https://volvopartscounter.worthepenny.com/coupon/
remotix.com,us,https://remotix.worthepenny.com/coupon/
talatex.com,us,https://talatex.worthepenny.com/coupon/
einkpads.com,us,https://einkpads.worthepenny.com/coupon/
partsplaceinc.com,us,https://partsplaceinc.worthepenny.com/coupon/
crispiusa.com,us,https://crispiusa.worthepenny.com/coupon/
swimslipstream.com,us,https://slipstream.worthepenny.com/coupon/
foxtimber.co.uk,us,https://foxtimber.worthepenny.com/coupon/
stjohnphotography.com,us,https://stjohnsphotography.worthepenny.com/coupon/
vagon.io,us,https://vagon.worthepenny.com/coupon/
jetsmart.com,us,https://jetsmart.worthepenny.com/coupon/
vmtherapy.com,us,https://vmtherapy.worthepenny.com/coupon/
henrymeds.com,us,https://henrymeds.worthepenny.com/coupon/
savemyexams.com,us,https://savemyexams.worthepenny.com/coupon/
carddepot.com,us,https://carddepot.worthepenny.com/coupon/
rho-plate.com,us,https://rho-plate.worthepenny.com/coupon/
finefitfasteners.co.uk,us,https://finefitfasteners.worthepenny.com/coupon/
livingtreecommunityfoods.com,us,https://livingtreecommunityfoods.worthepenny.com/coupon/
rexyclothing.com,us,https://rexyclothing.worthepenny.com/coupon/
sugimotousa.com,us,https://sugimotousa.worthepenny.com/coupon/
totalbattery.com,us,https://totalbattery.worthepenny.com/coupon/
2brightsparks.com,us,https://2brightsparks.worthepenny.com/coupon/
safestdogchews.com,us,https://safedogchews.worthepenny.com/coupon/
casatlantic.com,us,https://casatlantic.worthepenny.com/coupon/
hkexpress.com,us,https://hkexpress.worthepenny.com/coupon/
designsforhealth.com,us,https://designsforhealth.worthepenny.com/coupon/
pcsforpeople.org,us,https://pcsforpeople.worthepenny.com/coupon/
funique.com,us,https://funique.worthepenny.com/coupon/
kickinghorsecoffee.com,us,https://kickinghorsecoffee.worthepenny.com/coupon/
krishnastore.com,us,https://krishnastore.worthepenny.com/coupon/
buffalobattleground.com,us,https://buffalobattleground.worthepenny.com/coupon/
sftkey.com,us,https://sftkey.worthepenny.com/coupon/
assimil.com,us,https://assimil.worthepenny.com/coupon/
spaceship.com,us,https://spaceship.worthepenny.com/coupon/
oempartsonline.com,us,https://oempartsonline.worthepenny.com/coupon/
jansenholland.com,us,https://jansenholland.worthepenny.com/coupon/
frontierwargaming.com,us,https://frontierwargaming.worthepenny.com/coupon/
chadsprep.com,us,https://chadsprep.worthepenny.com/coupon/
ledperf.com,us,https://ledperf.worthepenny.com/coupon/
evopowersports.com,us,https://evomotor.worthepenny.com/coupon/
hulaween.com,us,https://suwanneehulaween.worthepenny.com/coupon/
irrigationexpress.co.nz,us,https://irrigationexpress.worthepenny.com/coupon/
ourkidsasd.com,us,https://ourasdkid.worthepenny.com/coupon/
visionet.com,us,https://visionet.worthepenny.com/coupon/
teamlocker.com,us,https://teamlocker.worthepenny.com/coupon/
dunnriteproducts.com,us,https://dunnriteproducts.worthepenny.com/coupon/
meshuga4sushi.com,us,https://meshugaforsushi.worthepenny.com/coupon/
bathsupermarket.com,us,https://bathsupermarket.worthepenny.com/coupon/
pinkysirondoors.com,us,https://pinkysirondoor.worthepenny.com/coupon/
ufoplast.com,us,https://ufoplast.worthepenny.com/coupon/
beautyofjoseon.com,us,https://beautyofjoseon.worthepenny.com/coupon/
fashionandfascinating.com,us,https://fashionandfascinating.worthepenny.com/coupon/
diontraining.com,us,https://diontraining.worthepenny.com/coupon/
richandluxe.com,us,https://richandluxe.worthepenny.com/coupon/
tkx.live,us,https://tkx.worthepenny.com/coupon/
joytoyfigure.com,us,https://joytoyfigure.worthepenny.com/coupon/
lovethedrive.com,us,https://lovethedrive.worthepenny.com/coupon/
portcanaveralparking.com,us,https://portcanaveralparking.worthepenny.com/coupon/
seansoul.com,us,https://seanandsoul.worthepenny.com/coupon/
otdefense.com,us,https://otdefense.worthepenny.com/coupon/
antoinettepoisson.com,us,https://antoinettepoisson.worthepenny.com/coupon/
leadpier.com,us,https://leadpier.worthepenny.com/coupon/
xyzhomework.com,us,https://xyzhomework.worthepenny.com/coupon/
natureinbottle.com,us,https://natureinbottle.worthepenny.com/coupon/
timberlinelodge.com,us,https://timberlinelodge.worthepenny.com/coupon/
mochipan.com,us,https://mochipan.worthepenny.com/coupon/
airportstaxitransfers.com,us,https://airportstaxitransfers.worthepenny.com/coupon/
rideatjoes.com,us,https://rideatjoes.worthepenny.com/coupon/
crunchlabs.com,us,https://crunchlabs.worthepenny.com/coupon/
visitbreck.com,us,https://visitbreck.worthepenny.com/coupon/
housesignsdirect.co.uk,us,https://housesigndirect.worthepenny.com/coupon/
smithandedwards.com,us,https://smithandedwards.worthepenny.com/coupon/
4netplayers.com,us,https://4netplayers.worthepenny.com/coupon/
hoteles-silken.com,us,https://silken-hotels.worthepenny.com/coupon/
wolfpak.com,us,https://wolfpak.worthepenny.com/coupon/
kevonstage.com,us,https://kevonstage.worthepenny.com/coupon/
kullysupply.com,us,https://kullysupply.worthepenny.com/coupon/
mirrorglassplus.com,us,https://mirrorglassplus.worthepenny.com/coupon/
ozdigitalonline.com,us,https://ozdigitalonline.worthepenny.com/coupon/
robocough.com,us,https://robocough.worthepenny.com/coupon/
luckyonesie.com,us,https://luckyonesie.worthepenny.com/coupon/
tufferman.co.uk,us,https://tufferman.worthepenny.com/coupon/
mypropanebutler.com,us,https://mypropanebutler.worthepenny.com/coupon/
justmysocks.net,us,https://justmysocks.worthepenny.com/coupon/
georgiamls.com,us,https://georgiamls.worthepenny.com/coupon/
batchleads.io,us,https://batchleads.worthepenny.com/coupon/
hibike.com,us,https://hibike.worthepenny.com/coupon/
deviousmachines.com,us,https://deviousmachines.worthepenny.com/coupon/
ev2sportswear.com,us,https://ev-2.worthepenny.com/coupon/
levelx.com,us,https://levelx.worthepenny.com/coupon/
maxtour.co,us,https://maxtour.worthepenny.com/coupon/
lanxshoes.com,us,https://lanxshoes.worthepenny.com/coupon/
drpd.cc,us,https://drpd.worthepenny.com/coupon/
edgunwest.com,us,https://edgunwest.worthepenny.com/coupon/
golftec.com,us,https://golftec.worthepenny.com/coupon/
illinoisrealtor.org,us,https://illinoisrealtor.worthepenny.com/coupon/
movatiathletic.com,us,https://movatiathletic.worthepenny.com/coupon/
synaptexunlimited.com,us,https://synaptexunlimited.worthepenny.com/coupon/
chudsbbq.com,us,https://chudsbbq.worthepenny.com/coupon/
americansongwriter.com,us,https://americansongwriter.worthepenny.com/coupon/
bobovr.com,us,https://bobovr.worthepenny.com/coupon/
nitroflare.com,us,https://nitroflare.worthepenny.com/coupon/
pcunlocker.com,us,https://pcunlocker.worthepenny.com/coupon/
themisbar.com,us,https://themisbarreview.worthepenny.com/coupon/
bbqchicken.com,us,https://bbqchicken.worthepenny.com/coupon/
gardeniashop.co.uk,us,https://gardeniaoflondon.worthepenny.com/coupon/
rhythmandvines.co.nz,us,https://rnv.worthepenny.com/coupon/
partsavatar.ca,us,https://partsavatar.worthepenny.com/coupon/
weareanimecollectors.com,us,https://weareanimecollectors.worthepenny.com/coupon/
heathfieldled.co.uk,us,https://heathfieldled.worthepenny.com/coupon/
kmartphotos.com.au,us,https://kmartphotos.worthepenny.com/coupon/
squidindustries.co,us,https://squidindustries.worthepenny.com/coupon/
medmastery.com,us,https://medmastery.worthepenny.com/coupon/
illuminate.photography,us,https://illuminatephotography.worthepenny.com/coupon/
nomura-tailor.com,us,https://nomuratailor.worthepenny.com/coupon/
snozoneuk.com,us,https://snowzone.worthepenny.com/coupon/
termini.com,us,https://terminibrothersbakery.worthepenny.com/coupon/
morrisarboretum.org,us,https://morrisarboretum.worthepenny.com/coupon/
playcarry.com,us,https://playcarry.worthepenny.com/coupon/
soloperformance.com,us,https://soloperformance.worthepenny.com/coupon/
bulkperoxide.com,us,https://bulkperoxide.worthepenny.com/coupon/
venbafragrance.com,us,https://venbafragrance.worthepenny.com/coupon/
nightsweetthing.com.au,us,https://nightsweetthing.worthepenny.com/coupon/
melbournerecital.com.au,us,https://melbournerecital.worthepenny.com/coupon/
blackstarpastry.com.au,us,https://blackstarpastry.worthepenny.com/coupon/
redlineoil.com,us,https://redlineoil.worthepenny.com/coupon/
jubatec.net,us,https://jubatec.worthepenny.com/coupon/
harlemwizards.com,us,https://harlemwizards.worthepenny.com/coupon/
stellarmate.com,us,https://stellarmate.worthepenny.com/coupon/
finisterre.com,us,https://rnlifin22.worthepenny.com/coupon/
apricotton.com,us,https://apricotton.worthepenny.com/coupon/
bossindustrial.com,us,https://bossindustrial.worthepenny.com/coupon/
buffettscandies.com,us,https://buffetscandies.worthepenny.com/coupon/
shoproffe.com,us,https://roffe.worthepenny.com/coupon/
mx5things.com,us,https://mx5things.worthepenny.com/coupon/
aonl.org,us,https://aonl.worthepenny.com/coupon/
powerprovisions.com,us,https://powerprovisions.worthepenny.com/coupon/
stratfordintl.co.uk,us,https://stratfordintl.worthepenny.com/coupon/
activenation.org.uk,us,https://activenation.worthepenny.com/coupon/
conservationhalton.ca,us,https://conservationhalton.worthepenny.com/coupon/
dukwin.com,us,https://dukwin.worthepenny.com/coupon/
majestikgames.com,us,https://majestikgames.worthepenny.com/coupon/
brscenic.com,us,https://brscenic.worthepenny.com/coupon/
geoshieldusa.com,us,https://geoshieldusa.worthepenny.com/coupon/
accu.co.uk,us,https://inlineaccu.worthepenny.com/coupon/
circupool.com,us,https://circupool.worthepenny.com/coupon/
zaaptv.com,us,https://zaaptv.worthepenny.com/coupon/
kittytowncoffee.com,us,https://kittytowncoffee.worthepenny.com/coupon/
watc-studio.com,us,https://watcstudio.worthepenny.com/coupon/
simpleonlinedoctor.co.uk,us,https://simpleonlinedoctoruk.worthepenny.com/coupon/
wildfishcannery.com,us,https://wildfishcannery.worthepenny.com/coupon/
boombattlebar.com,us,https://boombar.worthepenny.com/coupon/
ribcity.com,us,https://ribcity.worthepenny.com/coupon/
fabricoftheuniverse.com,us,https://fabricoftheuniverse.worthepenny.com/coupon/
springbone.com,us,https://springbone.worthepenny.com/coupon/
tortech.com.au,us,https://tortech.worthepenny.com/coupon/
runwayml.com,us,https://runwayml.worthepenny.com/coupon/
sport-conrad.com,us,https://sport-conrad.worthepenny.com/coupon/
sca.auction,us,https://sca.worthepenny.com/coupon/
cloudghost.net,us,https://cloudghost.worthepenny.com/coupon/
djnowlighting.com,us,https://djnowlighting.worthepenny.com/coupon/
kyleswitchplates.com,us,https://kyleswitchplates.worthepenny.com/coupon/
nurecovery.com,us,https://nurecovery.worthepenny.com/coupon/
royalcoffeeny.com,us,https://royalcoffeeny.worthepenny.com/coupon/
toolservicenet.com,us,https://toolservicenet.worthepenny.com/coupon/
vettix.org,us,https://vettix.worthepenny.com/coupon/
lfminifigs.com,us,https://lfminifigs.worthepenny.com/coupon/
pyrodimension.de,us,https://pyrodimension.worthepenny.com/coupon/
jackspumpkinpopup.com,us,https://jackspumpkinpopup.worthepenny.com/coupon/
singularstuff.com,us,https://singularstuff.worthepenny.com/coupon/
dynacare.ca,us,https://dynacare.worthepenny.com/coupon/
atachmounts.com,us,https://atachmounts.worthepenny.com/coupon/
allendisplay.com,us,https://allendisplay.worthepenny.com/coupon/
polarice.co.uk,us,https://polarice.worthepenny.com/coupon/
norsso.com,us,https://norsso.worthepenny.com/coupon/
delicity.com,us,https://delicity.worthepenny.com/coupon/
prosupplyglobal.com,us,https://prosupplyglobal.worthepenny.com/coupon/
turmericandhoney.co.uk,us,https://turmericandhoney.worthepenny.com/coupon/
partsaps.com,us,https://partsaps.worthepenny.com/coupon/
animate.shop,us,https://animate.worthepenny.com/coupon/
redlinek9.com,us,https://redlinek9.worthepenny.com/coupon/
fanwish.cn,us,https://fanwish.worthepenny.com/coupon/
printfabrik.eu,us,https://printfabrik.worthepenny.com/coupon/
garagedoorsupplyhouse.com,us,https://garagedoorsupplyhouse.worthepenny.com/coupon/
martinmicrowave.com,us,https://martinmicrowave.worthepenny.com/coupon/
poizon.com,us,https://poizon.worthepenny.com/coupon/
barbaraoneill.com,us,https://barbaraoneil.worthepenny.com/coupon/
dmcapetile.com,us,https://dmcapetile.worthepenny.com/coupon/
musicofspheres.com,us,https://musicofspheres.worthepenny.com/coupon/
abakusdirect.co.uk,us,https://abakusdirect.worthepenny.com/coupon/
goyerbamate.com,us,https://goyerbamate.worthepenny.com/coupon/
mobbin.com,us,https://mobbin.worthepenny.com/coupon/
virtual-racing-cars.com,us,https://vrc.worthepenny.com/coupon/
scaffolding-direct.co.uk,us,https://scaffolddirect.worthepenny.com/coupon/
decals.com,us,https://decals.worthepenny.com/coupon/
pictureframesdirect.co.uk,us,https://pictureframesdirect.worthepenny.com/coupon/
sgdgolf.com,us,https://sgdgolf.worthepenny.com/coupon/
iflyluggage.com,us,https://iflyluggage.worthepenny.com/coupon/
hears.com,us,https://hears.worthepenny.com/coupon/
45books.com,us,https://45books.worthepenny.com/coupon/
carrollsmeats.com,us,https://carrollsmeats.worthepenny.com/coupon/
countryburgertexas.com,us,https://countryburger.worthepenny.com/coupon/
custommattressfactory.com,us,https://custommattressfactory.worthepenny.com/coupon/
thelumebox.com,us,https://thelumebox.worthepenny.com/coupon/
jaguarparts.com,us,https://jaguarparts.worthepenny.com/coupon/
macbirmingham.co.uk,us,https://macbirmingham.worthepenny.com/coupon/
mainecoastmarathon.com,us,https://mainecoastmarathon.worthepenny.com/coupon/
rosenfeldsbagels.com,us,https://rosenfeldsbagels.worthepenny.com/coupon/
neora.com,us,https://neora.worthepenny.com/coupon/
wallpaperfromthe70s.com,us,https://wallpaperfromthe70s.worthepenny.com/coupon/
chaszel.com,us,https://chaszel.worthepenny.com/coupon/
gwlodging.com,us,https://gwlodging.worthepenny.com/coupon/
misopaper.co.uk,us,https://misopaper.worthepenny.com/coupon/
ultimatestyling.co.uk,us,https://ultimatestyling.worthepenny.com/coupon/
simlab.co.uk,us,https://sim-lab.worthepenny.com/coupon/
expertpeptides.com,us,https://triggeredbrand.worthepenny.com/coupon/
rungne.com,us,https://rungne.worthepenny.com/coupon/
biocidin.com,us,https://biocidin.worthepenny.com/coupon/
ballerinafarm.com,us,https://ballerinafarm.worthepenny.com/coupon/
boultoncenter.org,us,https://boultoncenter.worthepenny.com/coupon/
rundoyen.com,us,https://rundoyen.worthepenny.com/coupon/
zyprun.com,us,https://zyprun.worthepenny.com/coupon/
doodlelearning.com,us,https://doodlelearning.worthepenny.com/coupon/
selleramp.com,us,https://selleramp.worthepenny.com/coupon/
outlet-pc.com,us,https://outlet-pc.worthepenny.com/coupon/
metamats.com,us,https://metamat.worthepenny.com/coupon/
locallens.com,us,https://locallens.worthepenny.com/coupon/
bulknutrients.com.au,us,https://bulknutrients.worthepenny.com/coupon/
prospectiveflow.com,us,https://prospectiveflow.worthepenny.com/coupon/
controld.com,us,https://controld.worthepenny.com/coupon/
pacepdh.com,us,https://pacepdh.worthepenny.com/coupon/
gensoldx.com,us,https://gensol.worthepenny.com/coupon/
loulousfabricshop.com,us,https://loulousfabricshop.worthepenny.com/coupon/
fremontindustrialsupply.com,us,https://freemontindustrialsupply.worthepenny.com/coupon/
ajka-crystal.com,us,https://ajka-crystal.worthepenny.com/coupon/
vaporizerhut.com,us,https://vaporizerhut.worthepenny.com/coupon/
cardladder.com,us,https://cardladder.worthepenny.com/coupon/
koppert.com,us,https://koppert.worthepenny.com/coupon/
thefragrancefoundry.com,us,https://fragrancefoundry.worthepenny.com/coupon/
walkingwithpurpose.com,us,https://walkingwithpurpose.worthepenny.com/coupon/
applespice.com,us,https://applespice.worthepenny.com/coupon/
carenotes.com,us,https://carenotes.worthepenny.com/coupon/
hermannwursthaus.com,us,https://hermannwursthaus.worthepenny.com/coupon/
mthoodfusionpass.com,us,https://fusionpass.worthepenny.com/coupon/
pizzaclub.co.nz,us,https://pizzaclub.worthepenny.com/coupon/
pro2a-tactical.com,us,https://pro2atactical.worthepenny.com/coupon/
homesteadliving.com,us,https://homesteadliving.worthepenny.com/coupon/
salemnow.com,us,https://salemnow.worthepenny.com/coupon/
vermontflannel.com,us,https://vermontflannel.worthepenny.com/coupon/
sutsu.com,us,https://sutsu.worthepenny.com/coupon/
heimlershistory.com,us,https://heimlershistory.worthepenny.com/coupon/
testgeek.com,us,https://testgeek.worthepenny.com/coupon/
ip2world.com,us,https://ip2world.worthepenny.com/coupon/
theflowershed.com.au,us,https://theflowershed.worthepenny.com/coupon/
bulkcaps.com,us,https://bulkcaps.worthepenny.com/coupon/
reactivetoys.co.uk,us,https://reactivetoys.worthepenny.com/coupon/
fliprogram.com,us,https://fliprogram.worthepenny.com/coupon/
geoguessr.com,us,https://geoguessr.worthepenny.com/coupon/
feedspy.net,us,https://feedspy.worthepenny.com/coupon/
samedaysupply.com,us,https://samedaysupply.worthepenny.com/coupon/
frankandsal.com,us,https://frankandsal.worthepenny.com/coupon/
bodyspec.com,us,https://bodyspec.worthepenny.com/coupon/
americanpharmawholesale.com,us,https://americanpharmawholesale.worthepenny.com/coupon/
themerrymushmen.com,us,https://themerrymushmen.worthepenny.com/coupon/
lofestore.com,us,https://lofestore.worthepenny.com/coupon/
europe-pharma.com,us,https://eupharmacy.worthepenny.com/coupon/
lubweb.fr,us,https://lubweb.worthepenny.com/coupon/
microwrestling.com,us,https://microwrestling.worthepenny.com/coupon/
lucianos.ie,us,https://lucianos.worthepenny.com/coupon/
wonderfeel.com,us,https://wonderfeelcom.worthepenny.com/coupon/
luminorth.co.uk,us,https://luminorth.worthepenny.com/coupon/
ul.com,us,https://ul.worthepenny.com/coupon/
werockthespectrummemphis.com,us,https://werockthespectrum.worthepenny.com/coupon/
roycederm.com,us,https://roycederm.worthepenny.com/coupon/
texasdrivingschool.com,us,https://texasdrivingschool.worthepenny.com/coupon/
fixgo.com,us,https://fixgo.worthepenny.com/coupon/
robinsonfamilyfarms.com,us,https://robinsonfamilyfarm.worthepenny.com/coupon/
unclebuckstoys.com,us,https://unclebuckstoys.worthepenny.com/coupon/
antelopelowercanyon.com,us,https://antelopelowercanyon.worthepenny.com/coupon/
cprseattle.com,us,https://cprseattle.worthepenny.com/coupon/
curryupnow.com,us,https://curryupnow.worthepenny.com/coupon/
supersummary.com,us,https://supersummary.worthepenny.com/coupon/
rkingscompetitions.com,us,https://rkingscompetitions.worthepenny.com/coupon/
tritiumworkshop.com,us,https://tritiumworkshop.worthepenny.com/coupon/
bongputty.com,us,https://bongputty.worthepenny.com/coupon/
bronxhousepizza.com,us,https://bronxhousepizza.worthepenny.com/coupon/
acams.org,us,https://acams.worthepenny.com/coupon/
aandjtoys.com,us,https://ajtoys.worthepenny.com/coupon/
alts.rip,us,https://alts.worthepenny.com/coupon/
wear-ari.co.uk,us,https://ari.worthepenny.com/coupon/
bluelinepizza.com,us,https://bluelinepizza.worthepenny.com/coupon/
ewtn.com,us,https://ewtn.worthepenny.com/coupon/
homebass.com,us,https://homebass.worthepenny.com/coupon/
immuno150.com,us,https://immuno150.worthepenny.com/coupon/
ironwilloutfitters.com,us,https://ironwillbroadheads.worthepenny.com/coupon/
pleasantridge.ca,us,https://pleasantridge.worthepenny.com/coupon/
autopartsearch.com,us,https://autopartsearch.worthepenny.com/coupon/
hatchescapes.com,us,https://hatchescapes.worthepenny.com/coupon/
bathroommountain.co.uk,us,https://bathroommountain.worthepenny.com/coupon/
sawzillaparts.com,us,https://sawzilla.worthepenny.com/coupon/
markmeldrum.com,us,https://markmeldrum.worthepenny.com/coupon/
focusmate.com,us,https://focusmate.worthepenny.com/coupon/
pcworld.com,us,https://pcworldcom.worthepenny.com/coupon/
enhancepickleball.com,us,https://enhancepickleball.worthepenny.com/coupon/
thepitchhopper.com,us,https://pitchhopper.worthepenny.com/coupon/
alterationspecialists.com,us,https://alterationspecialists.worthepenny.com/coupon/
primaleisure.com,us,https://primaleisure.worthepenny.com/coupon/
underwoodfarms.com,us,https://underwoodfarms.worthepenny.com/coupon/
printheadshots.com,us,https://printheadshots.worthepenny.com/coupon/
goomiesgummies.com,us,https://goomiesgummies.worthepenny.com/coupon/
3dsets.com,us,https://3dsets.worthepenny.com/coupon/
solalpaca.com,us,https://solalpaca.worthepenny.com/coupon/
skipperseat.com,us,https://skipperseat.worthepenny.com/coupon/
stompingrounds.us,us,https://stompingrounds.worthepenny.com/coupon/
transtoolshed.com,us,https://transtoolshed.worthepenny.com/coupon/
tristaracademy.com,us,https://tristaracademy.worthepenny.com/coupon/
udap.com,us,https://udap.worthepenny.com/coupon/
musicalparadise.com,us,https://musicalparadise.worthepenny.com/coupon/
oakvalleydesigns.com,us,https://oakvalleydesign.worthepenny.com/coupon/
volleyballworld.com,us,https://volleyballtv.worthepenny.com/coupon/
marcos.com,us,https://marcospizza.worthepenny.com/coupon/
twisteddough.shop,us,https://twisteddoughshop.worthepenny.com/coupon/
shophellomary.com,us,https://shophellomary.worthepenny.com/coupon/
tv.youtube.com,us,https://youtubetv.worthepenny.com/coupon/
kendilux.com,us,https://kendilux.worthepenny.com/coupon/
4dtech.com,us,https://4dtech.worthepenny.com/coupon/
littlesnitch.com,us,https://littlesnitch.worthepenny.com/coupon/
ordermeal.com,us,https://ordermeal.worthepenny.com/coupon/
wrench.com,us,https://wrench.worthepenny.com/coupon/
raps.com,us,https://raps.worthepenny.com/coupon/
terabox.com,us,https://terabox.worthepenny.com/coupon/
blindgrass.com,us,https://blindgrass.worthepenny.com/coupon/
cal-vantools.com,us,https://calvantools.worthepenny.com/coupon/
firestormgames.co.uk,us,https://firestoregames.worthepenny.com/coupon/
vstees.com,us,https://vstees.worthepenny.com/coupon/
reincubate.com,us,https://reincubate.worthepenny.com/coupon/
getdismissed.com,us,https://getdismissed.worthepenny.com/coupon/
mk2.com,us,https://mk2.worthepenny.com/coupon/
ubigi.com,us,https://ubigi.worthepenny.com/coupon/
pathoma.com,us,https://pathoma.worthepenny.com/coupon/
straitmusic.com,us,https://straitmusic.worthepenny.com/coupon/
manager-tools.com,us,https://manager-tools.worthepenny.com/coupon/
giemmebattery.com,us,https://giemmebattery.worthepenny.com/coupon/
shawfieldtimber.co.uk,us,https://shawfieldtimber.worthepenny.com/coupon/
sparrowslodge.com,us,https://sparrowslodge.worthepenny.com/coupon/
theramenbae.com,us,https://ramenbea.worthepenny.com/coupon/
laurenbjewelry.com,us,https://laurenbjewelry.worthepenny.com/coupon/
aspirerespiratoryproducts.com,us,https://aspirerespiratoryproducts.worthepenny.com/coupon/
lostinmelbourne.com,us,https://lostinmelbourne.worthepenny.com/coupon/
urbanairtech.com,us,https://urbanairtech.worthepenny.com/coupon/
reginaldmen.com,us,https://reginaldmen.worthepenny.com/coupon/
suno.com,us,https://suno.worthepenny.com/coupon/
bubble-planet.com,us,https://bubble-planet.worthepenny.com/coupon/
willpowders.com,us,https://willpowders.worthepenny.com/coupon/
redotpay.com,us,https://redotpay.worthepenny.com/coupon/
movieboxpro.app,us,https://movieboxpro.worthepenny.com/coupon/
playactivate.com,us,https://playactivate.worthepenny.com/coupon/
waymo.com,us,https://waymo.worthepenny.com/coupon/
joinamble.com,us,https://joinamble.worthepenny.com/coupon/
funbox.fun,us,https://funbox.worthepenny.com/coupon/
peachybbies.com,us,https://peachybbies.worthepenny.com/coupon/
glitchproductions.store,us,https://glitchproductions.worthepenny.com/coupon/
savana.com,us,https://savana.worthepenny.com/coupon/
cults3d.com,us,https://cults3d.worthepenny.com/coupon/
cos.com,us,https://cos.worthepenny.com/coupon/
olfactoryfactoryllc.com,us,https://olfactoryfactoryllc.worthepenny.com/coupon/
zellbury.com,us,https://zellbury.worthepenny.com/coupon/
scentiment.com,us,https://scentiment.worthepenny.com/coupon/
newme.asia,us,https://newme.worthepenny.com/coupon/
disturbia.us,us,https://disturbiaus.worthepenny.com/coupon/
conceptkart.com,us,https://conceptkart.worthepenny.com/coupon/
bobateaprotein.com,us,https://bobateaprotein.worthepenny.com/coupon/
luxe-cosmetics.com,us,https://luxe-cosmetics.worthepenny.com/coupon/
scuffers.com,us,https://scuffers.worthepenny.com/coupon/
rad-global.com,us,https://rad-global.worthepenny.com/coupon/
senser.net,us,https://senser.worthepenny.com/coupon/
birdsofparadyes.com,us,https://birdsofparadyes.worthepenny.com/coupon/
gearupbooster.com,us,https://gearupbooster.worthepenny.com/coupon/
saje.com,us,https://sajecom.worthepenny.com/coupon/
studdmuffyn.com,us,https://studdmuffyn.worthepenny.com/coupon/
configio.com,us,https://configio.worthepenny.com/coupon/
knyamed.com,us,https://knyamed.worthepenny.com/coupon/
heyharper.com,us,https://heyharper.worthepenny.com/coupon/
smmbase.org,us,https://smmbase.worthepenny.com/coupon/
kingpinsinc.com,us,https://kingpinsinc.worthepenny.com/coupon/
strawberrymilkmob.com,us,https://strawberrymilkmob.worthepenny.com/coupon/
brello.app,us,https://brello.worthepenny.com/coupon/
trueseamoss.com,us,https://trueseamoss.worthepenny.com/coupon/
getgalatea.com,us,https://getgalatea.worthepenny.com/coupon/
yonorummyl.com,us,https://yonorummyl.worthepenny.com/coupon/
forgeandfiregaming.com,us,https://forgeandfiregaming.worthepenny.com/coupon/
allchinabuy.com,us,https://allchinabuy.worthepenny.com/coupon/
contempee.com,us,https://contempee.worthepenny.com/coupon/
pompomlondon.com,us,https://pompomlondon.worthepenny.com/coupon/
thepinkpalm.com,us,https://thepinkpalm.worthepenny.com/coupon/
popstroke.com,us,https://popstroke.worthepenny.com/coupon/
myskylight.com,us,https://myskylight.worthepenny.com/coupon/
primeprometics.com,us,https://primeprometics.worthepenny.com/coupon/
thecornishcompany.com,us,https://thecornishcompany.worthepenny.com/coupon/
utkarsh.com,us,https://utkarsh.worthepenny.com/coupon/
basedbodyworks.com,us,https://basedbodyworks.worthepenny.com/coupon/
cureskin.com,us,https://cureskin.worthepenny.com/coupon/
sandandfoghome.com,us,https://sandandfoghome.worthepenny.com/coupon/
discovertreluxe.com,us,https://discovertreluxe.worthepenny.com/coupon/
mozaracing.com,us,https://mozaracing.worthepenny.com/coupon/
paradisebeachcozumel.com,us,https://paradisebeachcozumel.worthepenny.com/coupon/
grand-rp.su,us,https://grand-rp.worthepenny.com/coupon/
boosteroid.com,us,https://boosteroid.worthepenny.com/coupon/
grandtheatre.com,us,https://grandtheatre.worthepenny.com/coupon/
seranovabeauty.com,us,https://seranovabeauty.worthepenny.com/coupon/
gorafeeq.com,us,https://gorafeeq.worthepenny.com/coupon/
gamma.app,us,https://gammaapp.worthepenny.com/coupon/
peptidecrafters.com,us,https://peptidecrafters.worthepenny.com/coupon/
thedrchoice.com,us,https://thedrchoice.worthepenny.com/coupon/
fresha.org,us,https://freshaorg.worthepenny.com/coupon/
wmpeyewear.com,us,https://wmpeyewear.worthepenny.com/coupon/
avavibes.com,us,https://avavibes.worthepenny.com/coupon/
brixleybags.com,us,https://brixleybags.worthepenny.com/coupon/
posh.vip,us,https://poshvip.worthepenny.com/coupon/
geckocustom.com,us,https://geckocustom.worthepenny.com/coupon/
stelotas.com,us,https://stelotas.worthepenny.com/coupon/
hielabs.com,us,https://hielabs.worthepenny.com/coupon/
carry1st.com,us,https://carry1st.worthepenny.com/coupon/
propicsexpress.com,us,https://propicsexpress.worthepenny.com/coupon/
telyrx.com,us,https://telyrx.worthepenny.com/coupon/
parkeofficial.com,us,https://parkeofficial.worthepenny.com/coupon/
unrl.com,us,https://unrl.worthepenny.com/coupon/
printingproxies.com,us,https://printingproxies.worthepenny.com/coupon/
gamerji.com,us,https://gamerji.worthepenny.com/coupon/
rivelathletics.com,us,https://rivelathletics.worthepenny.com/coupon/
solutionpeptides.net,us,https://solutionpeptides.worthepenny.com/coupon/
absolutelyridiculous.com,us,https://absolutelyridiculous.worthepenny.com/coupon/
cityrhythmfragrance.com,us,https://cityrhythmfragrance.worthepenny.com/coupon/
posh.com,us,https://poshcom.worthepenny.com/coupon/
goretroid.com,us,https://goretroid.worthepenny.com/coupon/
worldsprings.com,us,https://worldsprings.worthepenny.com/coupon/
birminghampride.com,us,https://birminghampride.worthepenny.com/coupon/
anabei.com,us,https://anabei.worthepenny.com/coupon/
americanapipedream.com,us,https://americanapipedream.worthepenny.com/coupon/
flybreeze.com,us,https://flybreeze.worthepenny.com/coupon/
duckdonuts.com,us,https://duckdonuts.worthepenny.com/coupon/
tallow-ash.com,us,https://tallow-ash.worthepenny.com/coupon/
coldcultureworldwide.com,us,https://coldcultureworldwide.worthepenny.com/coupon/
seamolly.com,us,https://seamolly.worthepenny.com/coupon/
kikagoods.com,us,https://kikagoods.worthepenny.com/coupon/
zenbivy.com,us,https://zenbivy.worthepenny.com/coupon/
onesixthdimension.com,us,https://onesixthdimension.worthepenny.com/coupon/
arkenopticsusa.com,us,https://arkenopticsusa.worthepenny.com/coupon/
discountcontacts.com,us,https://discountcontacts.worthepenny.com/coupon/
otherworld.com,us,https://otherworld.worthepenny.com/coupon/
pureencapsulationspro.com,us,https://pureencapsulationspro.worthepenny.com/coupon/
malemd.com,us,https://malemd.worthepenny.com/coupon/
carnivoresnax.com,us,https://carnivoresnax.worthepenny.com/coupon/
thepauselife.com,us,https://thepauselife.worthepenny.com/coupon/
bigmusclesnutrition.com,us,https://bigmusclesnutrition.worthepenny.com/coupon/
thesavannahbananas.com,us,https://thesavannahbananas.worthepenny.com/coupon/
beautifulearthboutique.com,us,https://beautifulearthboutique.worthepenny.com/coupon/
nandosperiperi.com,us,https://nandosperiperi.worthepenny.com/coupon/
ivimhealth.com,us,https://ivimhealth.worthepenny.com/coupon/
t1tan.com,us,https://t1tan.worthepenny.com/coupon/
heycash.com,us,https://heycash.worthepenny.com/coupon/
pickleballwarehouse.com,us,https://pickleballwarehouse.worthepenny.com/coupon/
mobimatter.com,us,https://mobimatter.worthepenny.com/coupon/
rosierfoods.com,us,https://rosierfoods.worthepenny.com/coupon/
easy-clothes.us,us,https://easy-clothes.worthepenny.com/coupon/
humbyorganics.com,us,https://humbyorganics.worthepenny.com/coupon/
maxl.com,us,https://maxl.worthepenny.com/coupon/
angel.com,us,https://angelcom.worthepenny.com/coupon/
paradoxmuseum.com,us,https://paradoxmuseum.worthepenny.com/coupon/
talariacomplex.com,us,https://talariacomplex.worthepenny.com/coupon/
skyepeptides.com,us,https://skyepeptides.worthepenny.com/coupon/
cmxuk.com,us,https://cmxuk.worthepenny.com/coupon/
drinkh2tab.com,us,https://drinkh2tab.worthepenny.com/coupon/
japan2uk.com,us,https://japan2uk.worthepenny.com/coupon/
nutrastop.com,us,https://nutrastop.worthepenny.com/coupon/
davidprotein.com,us,https://davidprotein.worthepenny.com/coupon/
froyaorganics.com,us,https://froyaorganics.worthepenny.com/coupon/
boot.dev,us,https://boot.worthepenny.com/coupon/
sadtalker.org,us,https://sadtalker.worthepenny.com/coupon/
shop-skye.com,us,https://shop-skye.worthepenny.com/coupon/
slamonline.com,us,https://slamonlinecom.worthepenny.com/coupon/
ninjatransfers.com,us,https://ninjatransfers.worthepenny.com/coupon/
fwzoo.com,us,https://fwzoo.worthepenny.com/coupon/
pawsomeyoga.com,us,https://pawsomeyoga.worthepenny.com/coupon/
skin.place,us,https://skinplace.worthepenny.com/coupon/
mesmerica.com,us,https://mesmerica.worthepenny.com/coupon/
cursor.com,us,https://cursor.worthepenny.com/coupon/
coca-colastore.com,us,https://coca-colastorecom.worthepenny.com/coupon/
partadvantage.com,us,https://partadvantage.worthepenny.com/coupon/
lashbase.com,us,https://lashbasecom.worthepenny.com/coupon/
campsnapphoto.com,us,https://campsnapphoto.worthepenny.com/coupon/
naturesfarmersea.com,us,https://naturesfarmersea.worthepenny.com/coupon/
moviepass.com,us,https://moviepass.worthepenny.com/coupon/
code-wallets.com,us,https://code-wallets.worthepenny.com/coupon/
hotworx.net,us,https://hotworx.worthepenny.com/coupon/
nicnac.com,us,https://nicnaccom.worthepenny.com/coupon/
beatthebomb.com,us,https://beatthebomb.worthepenny.com/coupon/
cinetrain.com,us,https://cinetrain.worthepenny.com/coupon/
buff.game,us,https://buffgame.worthepenny.com/coupon/
wcbrand.store,us,https://wcbrand.worthepenny.com/coupon/
whoopea.shop,us,https://whoopea.worthepenny.com/coupon/
velourgarments.eu,us,https://velourgarments.worthepenny.com/coupon/
elementbrooklyn.com,us,https://elementbrooklyn.worthepenny.com/coupon/
paddingtonbearexperience.com,us,https://paddingtonbearexperience.worthepenny.com/coupon/
hulken.com,us,https://hulken.worthepenny.com/coupon/
labgolf.com,us,https://labgolf.worthepenny.com/coupon/
fifty410.com,us,https://fifty410.worthepenny.com/coupon/
synthesis.com,us,https://synthesis.worthepenny.com/coupon/
proclubs.com,us,https://proclubs.worthepenny.com/coupon/
genshinaccount.com,us,https://genshinaccount.worthepenny.com/coupon/
performancebyie.com,us,https://performancebyie.worthepenny.com/coupon/
herfantasybox.com,us,https://herfantasybox.worthepenny.com/coupon/
versailles-palace-tickets.com,us,https://versailles-palace-tickets.worthepenny.com/coupon/
electroandcompany.com,us,https://electroandcompany.worthepenny.com/coupon/
movementfestival.com,us,https://movementfestival.worthepenny.com/coupon/
teamlab.art,us,https://teamlab.worthepenny.com/coupon/
twickets.live,us,https://twickets.worthepenny.com/coupon/
atoleajewelry.com,us,https://atoleajewelry.worthepenny.com/coupon/
ink-bond.com,us,https://ink-bond.worthepenny.com/coupon/
everbowl.com,us,https://everbowl.worthepenny.com/coupon/
anta.com,us,https://antacom.worthepenny.com/coupon/
skin1004.com,us,https://skin1004.worthepenny.com/coupon/
joonloloi.com,us,https://joonloloi.worthepenny.com/coupon/
diddlysquatfarmshop.com,us,https://diddlysquatfarmshop.worthepenny.com/coupon/
polarispeptides.com,us,https://polarispeptides.worthepenny.com/coupon/
bluedelft.com,us,https://bluedelft.worthepenny.com/coupon/
battlekart.com,us,https://battlekart.worthepenny.com/coupon/
breakawayfestival.com,us,https://breakawayfestival.worthepenny.com/coupon/
vocalmeet.com,us,https://vocalmeet.worthepenny.com/coupon/
californiacreaming.com,us,https://californiacreaming.worthepenny.com/coupon/
colleamoi.com,us,https://colleamoi.worthepenny.com/coupon/
edgenyc.com,us,https://edgenyc.worthepenny.com/coupon/
fabrilife.com,us,https://fabrilife.worthepenny.com/coupon/
thomsoncarter.com,us,https://thomsoncarter.worthepenny.com/coupon/
royobreadco.com,us,https://royobreadco.worthepenny.com/coupon/
seranova.store,us,https://seranova.worthepenny.com/coupon/
starforgesystems.com,us,https://starforgesystems.worthepenny.com/coupon/
parkandfifthco.com,us,https://parkandfifthco.worthepenny.com/coupon/
parkrun.com,us,https://parkrun.worthepenny.com/coupon/
mm2store.com,us,https://mm2store.worthepenny.com/coupon/
apacheshops.com,us,https://apacheshops.worthepenny.com/coupon/
stelo.com,us,https://stelo.worthepenny.com/coupon/
giboardus.com,us,https://giboardus.worthepenny.com/coupon/
joiebaby.com,us,https://joiebaby.worthepenny.com/coupon/
getpetermd.com,us,https://getpetermd.worthepenny.com/coupon/
appliancefactory.com,us,https://appliancefactory.worthepenny.com/coupon/
orderlymeds.com,us,https://orderlymeds.worthepenny.com/coupon/
bioma.health,us,https://bioma.worthepenny.com/coupon/
byeflakes.com,us,https://byeflakes.worthepenny.com/coupon/
purediffuserco.com,us,https://purediffuserco.worthepenny.com/coupon/
bucketsquad.com,us,https://bucketsquad.worthepenny.com/coupon/
thewholetruthfoods.com,us,https://thewholetruthfoods.worthepenny.com/coupon/
strasburgrailroad.com,us,https://strasburgrailroad.worthepenny.com/coupon/
tomsstudio.com,us,https://tomsstudio.worthepenny.com/coupon/
poly.cam,us,https://polycam.worthepenny.com/coupon/
mezeh.com,us,https://mezeh.worthepenny.com/coupon/
cognitoedu.org,us,https://cognitoedu.worthepenny.com/coupon/
naughtynightsboutique.com,us,https://naughtynightsboutique.worthepenny.com/coupon/
revrail.com,us,https://revrail.worthepenny.com/coupon/
miamiheatstore.com,us,https://miamiheatstore.worthepenny.com/coupon/
runna.com,us,https://runna.worthepenny.com/coupon/
lucieannabel.com,us,https://lucieannabel.worthepenny.com/coupon/
cloaked.com,us,https://cloaked.worthepenny.com/coupon/
casehug.com,us,https://casehug.worthepenny.com/coupon/
mimibelt.com,us,https://mimibelt.worthepenny.com/coupon/
songmontofficial.com,us,https://songmontofficial.worthepenny.com/coupon/
adorebeauty.com.au,us,https://adorebeauty.worthepenny.com/coupon/
oxknit.com,us,https://oxknit.worthepenny.com/coupon/
drifthq.com,us,https://drifthq.worthepenny.com/coupon/
noblclo.com,us,https://noblclo.worthepenny.com/coupon/
donttellcomedy.com,us,https://donttellcomedy.worthepenny.com/coupon/
camelcitymill.com,us,https://camelcitymill.worthepenny.com/coupon/
seatecoutfitters.com,us,https://seatecoutfitters.worthepenny.com/coupon/
coitonic.com,us,https://coitonic.worthepenny.com/coupon/
shopmoco.com,us,https://shopmoco.worthepenny.com/coupon/
4runnerlifestyle.com,us,https://4runnerlifestyle.worthepenny.com/coupon/
jerseyfrosts.shop,us,https://jerseyfrosts.worthepenny.com/coupon/
scentsangel.com,us,https://scentsangel.worthepenny.com/coupon/
majorleaguecricket.com,us,https://majorleaguecricket.worthepenny.com/coupon/
shopflavcity.com,us,https://shopflavcity.worthepenny.com/coupon/
poke-collect.com,us,https://poke-collect.worthepenny.com/coupon/
nwtnhome.com,us,https://nwtnhome.worthepenny.com/coupon/
macfoxbike.com,us,https://macfoxbike.worthepenny.com/coupon/
delli.market,us,https://delli.worthepenny.com/coupon/
vietjetair.com,us,https://vietjetair.worthepenny.com/coupon/
partifyusa.com,us,https://partifyusa.worthepenny.com/coupon/
naturalinstinct.com,us,https://naturalinstinctcom.worthepenny.com/coupon/
giftymize.com,us,https://giftymize.worthepenny.com/coupon/
puremama.com,us,https://puremama.worthepenny.com/coupon/
othership.us,us,https://othershipus.worthepenny.com/coupon/
thescentreserve.com,us,https://thescentreserve.worthepenny.com/coupon/
mrmarvis.com,us,https://mrmarviscom.worthepenny.com/coupon/
sabertheory.com,us,https://sabertheory.worthepenny.com/coupon/
baronofdice.com,us,https://baronofdice.worthepenny.com/coupon/
tradifyhq.com,us,https://tradifyhq.worthepenny.com/coupon/
midnighthour.com,us,https://midnighthour.worthepenny.com/coupon/
meandu.com,us,https://meandu.worthepenny.com/coupon/
nlbn.com,us,https://nlbn.worthepenny.com/coupon/
sososwim.com,us,https://sososwim.worthepenny.com/coupon/
acegrading.com,us,https://acegrading.worthepenny.com/coupon/
sneex.com,us,https://sneex.worthepenny.com/coupon/
wearicy.com,us,https://wearicy.worthepenny.com/coupon/
lifedna.com,us,https://lifedna.worthepenny.com/coupon/
sarahrenaeclark.com,us,https://sarahrenaeclark.worthepenny.com/coupon/
alstedefarms.com,us,https://alstedefarms.worthepenny.com/coupon/
kalodata.com,us,https://kalodata.worthepenny.com/coupon/
valabasas.com,us,https://valabasas.worthepenny.com/coupon/
ahaworld.com,us,https://ahaworld.worthepenny.com/coupon/
wnbfactory.com,us,https://wnbfactory.worthepenny.com/coupon/
valhallavitality.com,us,https://valhallavitality.worthepenny.com/coupon/
10xhealthsystem.com,us,https://10xhealthsystem.worthepenny.com/coupon/
glovbeauty.com,us,https://glovbeauty.worthepenny.com/coupon/
electrolux.com,us,https://electroluxcom.worthepenny.com/coupon/
vwheritage.com,us,https://vwheritage.worthepenny.com/coupon/
water2.com,us,https://water2.worthepenny.com/coupon/
skinmedicinals.com,us,https://skinmedicinals.worthepenny.com/coupon/
genshinaccountsbay.com,us,https://genshinaccountsbay.worthepenny.com/coupon/
quicktag.com,us,https://quicktag.worthepenny.com/coupon/
sydneyzoo.com,us,https://sydneyzoo.worthepenny.com/coupon/
dreamcon.shop,us,https://dreamcon.worthepenny.com/coupon/
countrytruckercaps.com,us,https://countrytruckercaps.worthepenny.com/coupon/
flightyapp.com,us,https://flightyapp.worthepenny.com/coupon/
zestfest.net,us,https://zestfest.worthepenny.com/coupon/
solitairesmash.com,us,https://solitairesmash.worthepenny.com/coupon/
ambleclothing.com,us,https://ambleclothing.worthepenny.com/coupon/
harbesfamilyfarm.com,us,https://harbesfamilyfarm.worthepenny.com/coupon/
cordsclub.com,us,https://cordsclub.worthepenny.com/coupon/
tuffjug.com,us,https://tuffjug.worthepenny.com/coupon/
ikigaicases.com,us,https://ikigaicases.worthepenny.com/coupon/
oomiay.com,us,https://oomiay.worthepenny.com/coupon/
ultimateexposures.com,us,https://ultimateexposures.worthepenny.com/coupon/
theketoshop.org,us,https://theketoshop.worthepenny.com/coupon/
shopbotaniqueparis.com,us,https://shopbotaniqueparis.worthepenny.com/coupon/
heritagebooks.org,us,https://heritagebooks.worthepenny.com/coupon/
lisagozlan.com,us,https://lisagozlan.worthepenny.com/coupon/
dangercoffee.com,us,https://dangercoffee.worthepenny.com/coupon/
godaperfume.com,us,https://godaperfume.worthepenny.com/coupon/
uresta.com,us,https://uresta.worthepenny.com/coupon/
camdenpark.com,us,https://camdenpark.worthepenny.com/coupon/
boxhero-us.store,us,https://boxhero-us.worthepenny.com/coupon/
meta.com,us,https://meta.worthepenny.com/coupon/
glowbar.com,us,https://glowbar.worthepenny.com/coupon/
gethugg.com,us,https://gethugg.worthepenny.com/coupon/
vivanmn.com,us,https://vivanmn.worthepenny.com/coupon/
ovantica.com,us,https://ovantica.worthepenny.com/coupon/
mywashme.com,us,https://mywashme.worthepenny.com/coupon/
dinosaurworld.com,us,https://dinosaurworld.worthepenny.com/coupon/
tourofdestruction.com,us,https://tourofdestruction.worthepenny.com/coupon/
pixarputt.com,us,https://pixarputt.worthepenny.com/coupon/
thecountryfest.com,us,https://thecountryfest.worthepenny.com/coupon/
agapee.com,us,https://agapee.worthepenny.com/coupon/
simply7oh.com,us,https://simply7oh.worthepenny.com/coupon/
lingoapp.com,us,https://lingoappcom.worthepenny.com/coupon/
vivaaerobus.com,us,https://vivaaerobus.worthepenny.com/coupon/
33heatwave.com,us,https://33heatwave.worthepenny.com/coupon/
flyhugz.com,us,https://flyhugz.worthepenny.com/coupon/
rillabox.com,us,https://rillabox.worthepenny.com/coupon/
coucouintimates.com,us,https://coucouintimates.worthepenny.com/coupon/
thepokecave.com,us,https://thepokecave.worthepenny.com/coupon/
beardsleyzoo.org,us,https://beardsleyzoo.worthepenny.com/coupon/
makewellness.com,us,https://makewellness.worthepenny.com/coupon/
mocosociety.com,us,https://mocosociety.worthepenny.com/coupon/
leavenworthadventurepark.com,us,https://leavenworthadventurepark.worthepenny.com/coupon/
ramseysucculents.com,us,https://ramseysucculents.worthepenny.com/coupon/
simplicity.com,us,https://simplicitycom.worthepenny.com/coupon/
queenmary.com,us,https://queenmarycom.worthepenny.com/coupon/
betterbiom.com,us,https://betterbiom.worthepenny.com/coupon/
thepeachtruck.com,us,https://thepeachtruck.worthepenny.com/coupon/
jollibeefoods.com,us,https://jollibeefoods.worthepenny.com/coupon/
penncinema.com,us,https://penncinema.worthepenny.com/coupon/
sensabeauty.com,us,https://sensabeauty.worthepenny.com/coupon/
aussiechiller.com,us,https://aussiechiller.worthepenny.com/coupon/
healthyhey.com,us,https://healthyhey.worthepenny.com/coupon/
truewerktools.com,us,https://truewerktools.worthepenny.com/coupon/
joybadminton.com,us,https://joybadminton.worthepenny.com/coupon/
thedivinefoods.com,us,https://thedivinefoods.worthepenny.com/coupon/
teslaunch.net,us,https://teslaunch.worthepenny.com/coupon/
bangbrosnetwork.com,us,https://bangbrosnetwork.worthepenny.com/coupon/
oliunid.com,us,https://oliunid.worthepenny.com/coupon/
rbxgold.com,us,https://rbxgold.worthepenny.com/coupon/
styrkr.com,us,https://styrkr.worthepenny.com/coupon/
horace.com,us,https://horacecom.worthepenny.com/coupon/
clicknfurnish.com,us,https://clicknfurnish.worthepenny.com/coupon/
rightangled.com,us,https://rightangledcom.worthepenny.com/coupon/
katespadeoutlet.com,us,https://katespadeoutlet.worthepenny.com/coupon/
eternalmuse.com,us,https://eternalmuse.worthepenny.com/coupon/
beautyfrombees.us,us,https://beautyfrombees.worthepenny.com/coupon/
biotechpeptides.com,us,https://biotechpeptides.worthepenny.com/coupon/
aptoide.com,us,https://aptoide.worthepenny.com/coupon/
cozey.com,us,https://cozeycom.worthepenny.com/coupon/
dridriss.com,us,https://dridriss.worthepenny.com/coupon/
emmafy.com,us,https://emmafy.worthepenny.com/coupon/
gradedguard.us,us,https://gradedguard.worthepenny.com/coupon/
fortunoffbys.com,us,https://fortunoffbys.worthepenny.com/coupon/
shop-resa.com,us,https://shop-resa.worthepenny.com/coupon/
cachia.shop,us,https://cachia.worthepenny.com/coupon/
namesakehome.com,us,https://namesakehome.worthepenny.com/coupon/
mrmixer.store,us,https://mrmixer.worthepenny.com/coupon/
kiyoko.com,us,https://kiyoko.worthepenny.com/coupon/
mod-peptide.com,us,https://mod-peptide.worthepenny.com/coupon/
psnhealth.com,us,https://psnhealth.worthepenny.com/coupon/
dissh.com,us,https://disshcom.worthepenny.com/coupon/
snapshades.com,us,https://snapshadescom.worthepenny.com/coupon/
threadheads.com,us,https://threadheads.worthepenny.com/coupon/
santacruzpaleo.com,us,https://santacruzpaleo.worthepenny.com/coupon/
drmersclub.com,us,https://drmersclub.worthepenny.com/coupon/
lovesofresh.com,us,https://lovesofresh.worthepenny.com/coupon/
modernspare.com,us,https://modernspare.worthepenny.com/coupon/
ajeteg.com,us,https://ajeteg.worthepenny.com/coupon/
pequodspizza.com,us,https://pequodspizza.worthepenny.com/coupon/
workmanusa.com,us,https://workmanusa.worthepenny.com/coupon/
animonlife.com,us,https://animonlife.worthepenny.com/coupon/
thesmockedflamingo.com,us,https://thesmockedflamingo.worthepenny.com/coupon/
hapabox.com,us,https://hapabox.worthepenny.com/coupon/
mikaandsammys.com,us,https://mikaandsammys.worthepenny.com/coupon/
giffordscircus.com,us,https://giffordscircus.worthepenny.com/coupon/
forest-ink.com,us,https://forest-ink.worthepenny.com/coupon/
smartkeeda.com,us,https://smartkeeda.worthepenny.com/coupon/
vivo.com,us,https://vivocom.worthepenny.com/coupon/
propain-bikes.com,us,https://propain-bikes.worthepenny.com/coupon/
brkthrough.com,us,https://brkthrough.worthepenny.com/coupon/
ozlosleep.com,us,https://ozlosleep.worthepenny.com/coupon/
livesans.com,us,https://livesans.worthepenny.com/coupon/
dreamtonics.com,us,https://dreamtonics.worthepenny.com/coupon/
lonepinekoalasanctuary.com,us,https://lonepinekoalasanctuary.worthepenny.com/coupon/
mitchcactus.com,us,https://mitchcactus.worthepenny.com/coupon/
bodi.com,us,https://bodicom.worthepenny.com/coupon/
supply.co,us,https://supplyco.worthepenny.com/coupon/
armor-x.com,us,https://armor-x.worthepenny.com/coupon/
remasteredsleep.com,us,https://remasteredsleep.worthepenny.com/coupon/